1	"Administration area (named)"	"A defined (and possibly named) administrative area"		"MFF"	"ADMARE"	"Geospatial"
2	"Airport/Airfield"	"An area containing at least one runway, used for landing, take-off, and movement of aircraft. (AML)"		"RAL"	"AIRARE"	"Geospatial"
3	"Anchor Berth"	"A designated area of water where a single vessel, sea plane, etc... may anchor. (S-57 Annex A, Appendix A, IHO Object Catalogue)"		"MFF"	"ACHBRT"	"Geospatial"
4	"Anchorage Area"	"An area in which vessels anchor or may anchor (IHO Dictionary, S-32, 5th Edition, 130)"		"ESB"	"ACHARE"	"Geospatial"
5	"Beacon, cardinal"	"A beacon is a prominent specially constructed object forming a conspicuous mark as a fixed aid to navigation or for use in hydrographic survey. (IHO S-32: 420)  A cardinal beacon is used in conjunction with the compass to indicate where the mariner may find the best navigable water.  It is placed in one of the four quadrants (North, East, South and West), bounded by inter-cardinal bearings from the point marked."		"MFF"	"BCNCAR"	"Geospatial"
6	"Beacon, isolated danger"	"A beacon is a prominent specially constructed object forming a conspicuous mark as a fixed aid to navigation or for use in hydrographic survey. (IHO S-32: 420)  An isolated danger beacon is a beacon erected on an isolated danger of limited extent which has navigable water all around it. (UKHO NP735, 5th edition)"		"MFF"	"BCNISD"	"Geospatial"
7	"Beacon, lateral"	"A beacon is a prominent specially constructed object forming a conspicuous mark as a fixed aid to navigation or for use in hydrographic survey.(IHO S-32: 420)  A lateral beacon is used to indicate the port or starboard hand side of the route to be followed.  They are generally used for well defined channels and are used in conjunction with a conventional direction of buoyage. (UKHO NP735, 5th edition)"		"MFF"	"BCNLAT"	"Geospatial"
8	"Beacon, safe water"	"A beacon is a prominent specially constructed object forming a conspicuous mark as a fixed aid to navigation or for use in hydrographic survey. (IHO S-32: 420)  A safe water beacon may be used to indicate that there is navigable water around the mark. (UKHO NP735, 5th Edition)"		"MFF"	"BCNSAW"	"Geospatial"
9	"Beacon, special purpose"	"A beacon is a prominent specially constructed object forming a conspicuous mark as a fixed aid to navigation or for use in hydrographic survey.(IHO S-32: 420)  A special purpose beacon is primarily used to indicate an area or feature, the nature of which is apparent from reference to a chart, Sailing Directions or Notices to Mariners. (UKHO NP735, 5th edition)"		"MFF"	"BCNSPP"	"Geospatial"
10	"Berth"	"A named or numbered place where a vessel is moored at a wharf. (IHO Dictionary, S-32, 5th Edition,470)"		"MFF"	"BERTHS"	"Geospatial"
11	"Bridge"	"A structure erected over a depression or an obstacle such as a body of water, railroad etc. (Adapted from IHO Dictionary S-32, 5th Edition, 544)"		"ESB"	"BRIDGE"	"Geospatial"
12	"Building, single"	"A relatively permanent structure , roofed and usually walled.  It is designed for some particular use which it may be important to indicate.  (Digital Geographic Information Working Group - DGIWG, Oct 87.)"		"ESB"	"BUISGL"	"Geospatial"
13	"Built-up Area"	"An area containing a concentration of buildings and the supporting road or rail infrastructure (S-57 Annex A, Appendix A, IHO Object Catalogue)"		"ESB MFF"	"BUAARE"	"Geospatial"
14	"Buoy, cardinal"	"A buoy is a floating object moored to the bottom in a particular place, as an aid to navigation  or for other specific purposes. (IHO SP-32: 565) A cardinal buoy is used in conjunction with the compass to indicate where the mariner may find the best navigable water.  It is placed in one of the four quadrants (North, East, South and West), bounded by inter-cardinal bearings from the point marked. (UKHO NP 735, 5th Edition)"		"MFF"	"BOYCAR"	"Geospatial"
15	"Buoy, installation"	"A buoy is a floating object moored to the bottom in a particular place, as an aid to navigation  or for other specific purposes. (IHO SP-32: 565) An installation buoy is a buoy used for loading tankers with gas or oil. (IHO Chart Specifications, M-4)"		"MFF"	"BOYINB"	"Geospatial"
16	"Buoy, isolated danger"	"A buoy is a floating object moored to the bottom in a particular place, as an aid to navigation  or for other specific purposes. (IHO SP-32: 565) An isolated danger buoy is a buoy moored on or above an isolated danger of limited extent which has navigable water all around it. (UKHO NP735, 5th edition)"		"MFF"	"BOYISD"	"Geospatial"
17	"Buoy, lateral"	"A buoy is a floating object moored to the bottom in a particular place, as an aid to navigation  or for other specific purposes. (IHO SP-32: 565) A lateral buoy is used to indicate the port or starboard hand side of the route to be followed.  They are generally used for well defined channels and are used in conjunction with a conventional direction of buoyage. (UKHO NP735, 5th edition)"		"MFF"	"BOYLAT"	"Geospatial"
18	"Buoy, safe water"	"A buoy is a floating object moored to the bottom in a particular place, as an aid to navigation or for other specific purposes. (IHO SP-32: 565) A safe water buoy may be used to indicate that there is navigable water around the mark. (UKHO NP735, 5th Edition)"		"MFF"	"BOYSAW"	"Geospatial"
19	"Buoy, special purpose"	"A buoy is a floating object moored to the bottom in a particular place, as an aid to navigation or for other specific purposes. (IHO SP-32: 565) A special purpose buoy is primarily used to indicate an area or feature, the nature of which is apparent from reference to a chart, Sailing Directions or Notices to Mariners. (UKHO NP735, 5th edition)"		"MFF"	"BOYSPP"	"Geospatial"
20	"Cable Area"	"An area which contains one or more submarine cables. (S-57 Annex A, Appendix A, IHO Object Catalogue)"		"MFF ESB"	"CBLARE"	"Geospatial"
21	"Cable, Overhead"	"An assembly of wires or fibres, or a wire rope or chain, which is supported by structures such as poles or pylons and passing over or nearby navigable waters. (Hydrographic Service, Royal Australian Navy)"		"ESB"	"CBLOHD"	"Geospatial"
22	"Cable, Submarine"	"An assembly of wires or fibres, or a wire rope or chain which has been laid underwater or buried beneath the seabed. (Hydrographic Service, Royal Australian Navy)"		"ESB MFF"	"CBLSUB"	"Geospatial"
23	"Canal"	"An artificial waterway with no flow, or a controlled flow, used for navigation, or for draining or irrigating land (ditch). (United States Geological Survey, Jan.89)"		"ESB"	"CANALS"	"Geospatial"
24	"Canal Bank"	"The limit line between the water area of a canal and the area of land."		"ESB"	"CANBNK"	"Geospatial"
25	"Cargo Transhipment Area"	"An area designated for the transfer of cargo from one vessel to another. (adapted from IHO Dictionary, S-32, 5th Edition, 5593)."		"MFF"	"CTSARE"	"Geospatial"
26	"Causeway"	"A raised way across low or wet ground or water. (IHO Dictionary, S-32, 5th Edition, 662)"		"ESB"	"CAUSWY"	"Geospatial"
27	"Caution Area"	"Generally, an area where the mariner has to be made aware of circumstances influencing the safety of navigation."		"MFF"	"CTNARE"	"Geospatial"
28	"Checkpoint"	"An official place to register, declare or check goods and people (IHO Object Catalogue)."		"RAL"	"CHKPNT"	"Geospatial"
29	"Coastguard station"	"Watch keeping stations at which a watch is kept either continuously, or at certain times only. (IHO Chart Specs, M-4)"		"MFF"	"CGUSTA"	"Geospatial"
30	"Coastline"	"The line where shore and water meet. Although the terminology of coasts and shores is rather confused, shoreline and coastline are generally used as synonyms. (IHO Dictionary, S-32, 5th Edition, 858,4695)"		"ESB MFF"	"COALNE"	"Geospatial"
31	"Contiguous Zone"	"A zone contiguous to a coastal State's territorial sea, which may not extend beyond 24 nautical miles from the baselines from which the breadth of the territorial sea is measured.  The coastal state may exercise certain control in this zone subject to the provisions of International Law (IHO Dictionary, S-32, 5th Edition, 993) (For legal definition see UNCLOS Article 33)"		"RAL"	"CONZNE"	"Geospatial"
32	"Continental Shelf Area"	"The continental shelf of a coastal State comprises the sea bed and subsoil of the submarine areas that extend beyond its territorial sea throughout the natural prolongation of its land territory to the outer edge of the continental margin (as defined by UNCLOS article 76)"		"RAL"	"COSARE"	"Geospatial"
33	"Control Point"	"A point on the ground where position (horizontal and vertical) is used as a base for a dependent survey.  Also referred to as a control station. (IHO Dictionary S-32, 5th Edition,1026)"		"ESB"	"CTRPNT"	"Geospatial"
34	"Conveyor"	"A mechanical apparatus for moving bulk material or people from place to place (as by a moving belt or chain of receptacles) (S-57 Annex A, Appendix A, IHO Object Catalogue)"		"ESB"	"CONVYR"	"Geospatial"
35	"Crane"	"A machine for lifting, shifting and lowering objects or materials by means of a swinging boom or with a lifting apparatus supported on an overhead track. (Digital Geographic Information Working Group, Oct.87)"		"ESB"	"CRANES"	"Geospatial"
36	"Current"	"A non-periodical movement of water, generally horizontally, due to many causes such as different temperatures and prevalent winds.  May be temporary or permanent. (Adapted from IHO Dictionary S-32, 5th Edition,1140)"		"ESB"	"CURENT"	"Geospatial"
37	"Custom Zone"	"The area within which national custom regulations are in force."		"RAL"	"CUSZNE"	"Geospatial"
38	"Dam"	"A barrier to check or confine anything in motion; particularly one constructed to hold back water and raise its level to form a reservoir, or to prevent flooding. (IHO Dictionary, S-32, 5th Edition, 1196)"		"ESB"	"DAMCON"	"Geospatial"
39	"Daymark"	"The identifying characteristics of an aid to navigation which serve to facilitate its recognition against a daylight viewing background. On those structures that do not by themselves present an adequate viewing area to be seen at the required distance, the aid is made more visible by affixing a daymark to the structure. A daymark so affixed has a distinctive colour and shape depending on the purpose of the aid. (IHO Dictionary, S-32, 5th Edition, 1248)"		"MFF"	"DAYMAR"	"Geospatial"
40	"Deep water route centreline"	"A deep water route is a route in a designated area, within defined limits, which has been accurately surveyed for clearance of sea bottom and submerged obstacles to a minimum indicated depth of water. (IHO Dictionary, S-32, 5th Edition, 1280)  The deep water route centerline indicates the centerline of a route, the width of which is not explicitly defined. (AML)"		"MFF"	"DWRTCL"	"Geospatial"
41	"Deep water route - part."	"A deep water route is a route in a designated area, within defined limits, which has been accurately surveyed for clearance of sea bottom and submerged obstacles to a minimum indicated depth of water. (IHO Dictionary, S-32, 5th Edition, 1280)"		"MFF"	"DWRTPT"	"Geospatial"
42	"Depth Area"	"Water area containing soundings within a defined range of values permanently at or below sounding datum.  (FACC Ed2.0a A-81)"		"CLB"	"DEPARE"	"Geospatial"
43	"Depth Contour"	"A line connecting points of equal water depth which may be displaced outside of soundings, symbols and other chart detail for clarity as well as generalization.  Depth contours therefore sometimes represent an approximate location of the line of equal depth as related to the surveyed line delineated on the source. (adapted from IHO SP-32 Ed5: 1315)"		"CLB"	"DEPCNT"	"Geospatial"
44	"Distance Mark"	"A distance mark indicates the distance measured from an origin and consists of either a solid visible structure or a distinct location without special installation. Usually found on canals."		"ESB"	"DISMAR"	"Geospatial"
45	"Dock area"	"A dock is an artificially enclosed area within which ships may moor and which may have gates to regulate water level (adapted from IHO Chart Specifications, M-4)."		"MFF"	"DOCARE"	"Geospatial"
46	"Dredged Area"	"An area of the bottom of a body of water which has been deepened by dredging. (IHO Dictionary, S-32, 5th Edition, 1462)"		"MFF"	"DRGARE"	"Geospatial"
47	"Dry dock"	"An artificial basin fitted with a gate or caisson, into which vessels can be floated and the water pumped out to expose the vessel=s bottom. Also called graving dock. (IHO Dictionary, S-32, 5th Edition, 1426)"		"ESB MFF"	"DRYDOC"	"Geospatial"
48	"Dumping Ground"	"A sea area where dredged material or other potentially more harmful material, eg. explosives, chemical waste, is deliberately deposited. (Derived from IHO Chart Specifications, M-4)"		"ESB"	"DMPGRD"	"Geospatial"
49	"Dyke"	"A dyke (or dike) is an artificial embankment to contain or hold back water.(IHO Dictionary, S-32, 5th Edition, 1361)"		"ESB"	"DYKCON"	"Geospatial"
50	"Exclusive Economic Zone"	"An area, not exceeding 200 nautical miles from the baselines from which the breadth of the territorial sea is measured, subject to a specific legal regime established in the United Nations Convention on the Law of the Sea under which the coastal state has certain rights and jurisdiction. (IHO Dictionary, S-32, 5th Edition, 1723) (For legal definition see UNCLOS Article 55-75)"		"RAL"	"EXEZNE"	"Geospatial"
51	"Fairway"	"That part of a river, harbour and so on, where the main navigable channel for vessels of larger size lies. It is also the usual course followed by vessels entering or leaving harbours, called ""ship channel"". (International Maritime Dictionary, 2nd Ed.)"		"MFF"	"FAIRWY"	"Geospatial"
52	"Fence/wall"	"A natural or man-made barrier used as an enclosure or boundary or for protection. (adapted from Digital Geographic Information Working Group, Oct.1987)"		"ESB"	"FNCLNE"	"Geospatial"
53	"Ferry route"	"A route in a body of water where a ferry crosses from one shoreline to another. (DGIWG October 1987)"		"RAL"	"FERYRT"	"Geospatial"
54	"Fishing Zone"	"The offshore zone in which exclusive fishing rights and management are held by the coastal nation. (IHO Dictionary, S-32, 5th Edition, 1816)"		"RAL"	"FSHZNE"	"Geospatial"
55	"Fishing facility"	"A structure in shallow water for fishing purposes which can be an obstruction to ships in general.  The position of these structures may vary frequently over time."		"ESB"	"FSHFAC"	"Geospatial"
56	"Fishing ground"	"A water area in which fishing is frequently carried on. (IHO Dictionary, S-32, 5th Edition, 1814)"		"MFF"	"FSHGRD"	"Geospatial"
57	"Floating Dock"	"A form of dry dock consisting of a floating structure of one or more sections which can be partly submerged by controlled flooding to receive a vessel, then raised by pumping out the water so that the vessel's bottom can be exposed. (IHO Dictionary, S-32, 5th Edition, 1427)"		"MFF,ESB"	"FLODOC"	"Geospatial"
58	"Fog Signal"	"A warning signal transmitted by a vessel, or aid to navigation, during periods of low visibility. Also, the device producing such a signal. (IHO Dictionary, S-32, 5th Edition, 1890)"		"MFF"	"FOGSIG"	"Geospatial"
59	"Fortified Structure"	"A structure for the military defence of a site (S-57 Annex A, Appendix A, IHO Object Catalogue)"		"ESB"	"FORSTC"	"Geospatial"
60	"Free port area"	"A port where certain import and export duties are waived (unless goods pass into the country) to facilitate reshipment to other countries. (IHO Dictionary, S-32, 5th Edition, 1927)"		"ESB,MFF"	"FRPARE"	"Geospatial"
61	"Gate"	"A structure that may be swung, drawn, or lowered to block an entrance or passageway. (United States Geological Survey, Jan.89)"		"ESB"	"GATCON"	"Geospatial"
62	"Gridiron"	"A structure in the intertidal zone serving as a support for vessels at low stages of the tide to permit work on the exposed portion of the vessel's hull. Also called careening grid. (adapted from IHO Dictionary, S-32, 5th Edition, 649)"		"ESB"	"GRIDRN"	"Geospatial"
63	"Harbour area (administrative)"	"The area over which a harbour authority has jurisdiction."		"MFF"	"HRBARE"	"Geospatial"
64	"Harbour facility"	"A harbour installation with a service or commercial operation of public interest."		"MFF"	"HRBFAC"	"Geospatial"
65	"Hulk"	"A permanently moored ship."		"ESB,MFF"	"HULKES"	"Geospatial"
66	"Ice Area"	"An area of ice over land or water."		"MFF"	"ICEARE"	"Geospatial"
67	"Incineration Area"	"An offshore area officially designated as suitable for the burning of chemical waste by specially equipped ships. (IHO Dictionary, S-32, 5th Edition, 2408)"		"ESB"	"ICNARE"	"Geospatial"
68	"Inshore Traffic Zone"	"A routeing measure comprising a designated area between the landward boundary of a traffic separation scheme and the adjacent coast, to be used in accordance with the provisions of the International Regulations for Preventing Collisions at Sea. (IHO Dictionary, S-32, 5th Edition, 2457)"		"MFF"	"ISTZNE"	"Geospatial"
69	"Lake"	"A large body of water entirely surrounded by land. (IHO Dictionary, S-32, 5th Edition, 2629)"		"ESB MFF"	"LAKARE"	"Geospatial"
71	"Land area"	"The solid portion of the Earth's surface, as opposed to sea, or water. (IHO SP-32: 2635)"		"MFF"	"LNDARE"	"Geospatial"
72	"Land Elevation"	"An elevation is the vertical distance of a point or a level, on, or affixed to, the surface of the earth, measured from a specified vertical datum. (IHO Dictionary, S-32, 5th Edition, 1590)"		"ESB"	"LNDELV"	"Geospatial"
73	"Land Region"	"An area of natural scenery on land. It is defined by its geographical characteristics and may be known by its proper name. (S-57 Annex A, Appendix A, IHO Object Catalogue)"		"ESB"	"LNDRGN"	"Geospatial"
74	"Landmark"	"A prominent object at a fixed location which can be used in determining a location or a direction.  (Adapted from IHO Dictionary, S-32, 5th Edition, 2643)."		"ESB"	"LNDMRK"	"Geospatial"
75	"Light"	"A luminous or lighted aid to navigation.  (Adapted from IHO Dictionary, S-32, 5th Edition, 2766)."		"ESB MFF"	"LIGHTS"	"Geospatial"
76	"Light float"	"A boat-like structure used instead of a light buoy in waters where strong streams or currents are experienced, or when a greater elevation than that of a light buoy is necessary. (IHO Dictionary, S-32, 5th Edition, 2821)."		"MFF"	"LITFLT"	"Geospatial"
77	"Light vessel"	"A distinctively marked vessel anchored or moored at a charted point, to serve as an aid to navigation. By night, it displays a characteristic light(s) and is usually equipped with other devices, such as fog signal, submarine sound signal, and radio beacon, to assist navigation. Also called light ship. (IHO Dictionary, S-32, 5th Edition, 2828,2829)"		"MFF"	"LITVES"	"Geospatial"
78	"Local magnetic anomaly"	"An anomaly of the magnetic field of the earth, extending over a relatively small area, due to local magnetic influences (IHO SP-32: 2874)"		"MFF"	"LOCMAG"	"Geospatial"
79	"Lock basin"	"A lock basin is a wet dock in a waterway, permitting a ship to pass from one level to another. (adapted from IHO Dictionary, S-32, 5th Edition, 2881)"		"MFF"	"LOKBSN"	"Geospatial"
80	"Log Pond"	"A maritime area enclosed with connected floating timbers used as a staging area for sawn logs."		"ESB,MFF"	"LOGPON"	"Geospatial"
81	"Magnetic variation"	"The angle between the magnetic and geographic (true) north at a location, expressed in degrees east or west from the direction of true north."		"MFF"	"MAGVAR"	"Geospatial"
82	"Marine farm/culture"	"An assemblage of cages, nets, rafts, and floats or posts where fish, including shellfish, are artificially cultivated. Also called fish farm. (IHO SP-32: 1811)"		"MFF"	"MARCUL"	"Geospatial"
83	"Military Practice Area"	"An area within which naval, military or aerial exercises are carried out. Also called an exercise area. (adapted from IHO Dictionary, S-32, 5th Edition, 1722)"		"RAL"	"MIPARE"	"Geospatial"
84	"Mooring Facility"	"The equipment or structure used to secure a vessel (adapted from IHO Dictionary, S-32, 5th Edition, 3322)"		"ESB"	"MORFAC"	"Geospatial"
85	"Navigation Line"	"A navigation line is a straight line extending towards an area of navigational interest and generally generated by two navigational aids or one navigational aid and a bearing. (Service Hydrographique et Oc√©anographique de la Marine, France)"		"MFF"	"NAVLNE"	"Geospatial"
86	"Obstruction"	"In marine navigation, anything that hinders or prevents movement, particularly anything that endangers or prevents passage of a vessel. The term is usually used to refer to an isolated danger to navigation. (IHO Dictionary, S-32, 5th Edition, 3503)"		"LBO MFF"	"OBSTRN"	"Geospatial"
87	"Offshore platform"	"A permanent offshore platform, either fixed or floating, used in the production of oil or natural gas. (IHO SP-32: 3895)"		"MFF"	"OFSPLF"	"Geospatial"
88	"Offshore production area"	"An area at sea within which there are production facilities."		"MFF"	"OSPARE"	"Geospatial"
89	"Oil Barrier"	"A construction to dam oil flow on water."		"ESB"	"OILBAR"	"Geospatial"
90	"Pile"	"A long heavy timber or section of steel, wood, concrete, etc. forced into the earth which may serve as a support, as for a pier, or a free standing pole within a marine environment. (Adapted from IHO Dictionary, S-32, 5th Edition, 3840)"		"ESB"	"PILPNT"	"Geospatial"
91	"Pilot Boarding Place"	"The meeting place to which the pilot comes out. (IHO Chart Specifications, M-4)"		"MFF"	"PILBOP"	"Geospatial"
92	"Pipeline Area"	"An area containing one or more pipelines. (S-57 Annex A, Appendix A, IHO Object Catalogue)"		"ESB MFF"	"PIPARE"	"Geospatial"
93	"Pipeline, Overhead"	"An overhead pipeline is a pipeline supported by pylons and passing over or nearby navigable waters (S-57 Annex A, Appendix A, IHO Object Catalogue)"		"ESB"	"PIPOHD"	"Geospatial"
94	"Pipeline, submarine/on land"	"A pipeline is a string of interconnected pipes used for the transport of matter, nowadays mainly oil or gas. (IHO Dictionary, S-32, 5th Edition, 3857)  A submarine or land pipeline is a pipeline lying on or buried under the seabed or the land. (AML)"		"ESB MFF"	"PIPSOL"	"Geospatial"
95	"Pontoon"	"A floating structure, usually rectangular in shape which serves as landing, pier head or bridge support. (IHO Dictionary, S-32, 5th Edition, 3947)"		"MFF"	"PONTON"	"Geospatial"
96	"Precautionary Area"	"A routeing measure comprising an area within defined limits where ships must navigate with particular caution and within which the direction of traffic flow may be recommended. (IHO Dictionary, S-32, 5th Edition, 3982)"		"MFF"	"PRCARE"	"Geospatial"
97	"Production / storage area"	"An installation for the exploitation of natural resources."		"MFF"	"PRDARE"	"Geospatial"
98	"Pylon/bridge support"	"A vertical construction consisting, for example, of a steel framework or pre-stressed concrete to carry cables, a bridge, etc."		"MFF"	"PYLONS"	"Geospatial"
99	"Radar Line"	"A track along which ships may be guided by coastal radar stations in the event of bad visibility. Also known as a radar guided track. (IHO Dictionary, S-32, 5th Edition, 4146)."		"MFF"	"RADLNE"	"Geospatial"
100	"Radar coverage"	"Indicates the coverage of a sea area by a radar surveillance station. Inside this area a vessel may request shore-based radar assistance, particularly in poor visibility."		"RAL"	"RADRNG"	"Geospatial"
101	"Radar Reflector"	"A device capable of, or intended for, reflecting radar signals. (IHO Dictionary, S-32, 5th Edition, 4147). A radar reflector is usually a 'tetrahedron or pentagonal corner reflector (...) to facilitate reflection towards the sender'. (International Maritime Dictionary, 2nd Ed.)"		"MFF"	"RADRFL"	"Geospatial"
102	"Radar station"	"A station with a transmitter emitting pulses of ultra-high frequency radio waves which are reflected by solid objects and are detected upon their return to the sending station. (International Maritime Dictionary, 2nd Ed.)"		"RAL"	"RADSTA"	"Geospatial"
103	"Radar Transponder Beacon"	"A transponder beacon transmitting a coded signal on radar frequency, permitting an interrogating craft to determine the bearing and range of the transponder. Also called racon. (IHO Dictionary, S-32, 5th Edition, 4137)"		"MFF"	"RTPBCN"	"Geospatial"
104	"Reporting/Radio calling-in point"	"A predetermined geographical position, used for route instrument approach definition or progress reporting purposes or to change frequency etc (FACC - GA055 Waypoint/Reporting-Calling In Point)"		"RAL"	"RDOCAL"	"Geospatial"
105	"Radio station"	"A place equipped to transmit radio waves. Such a station may be either stationary or mobile, and may also be provided with a radio receiver. In British terminology, also called w/t station. (IHO Dictionary, S-32, 5th Edition, 4191)"		"RAL"	"RDOSTA"	"Geospatial"
106	"Railway"	"A rail or set of parallel rails on which a train, tram, or rail wagon runs for the conveyance of passengers and/or goods."		"MFF"	"RAILWY"	"Geospatial"
107	"Rapids"	"Portions of a stream with accelerated current where it descends rapidly but without a break in the slope of the bed sufficient to form a waterfall. Usually used in the plural."		"MFF"	"RAPIDS"	"Geospatial"
108	"Recommended Route Centreline"	"A recommended route is a route of undefined width, for the convenience of ships in transit, which is often marked by centerline buoys. (IHO Dictionary, S-32, 5th Edition, 4448)"		"MFF"	"RCRTCL"	"Geospatial"
109	"Recommended Track"	"A track recommended to all or only certain vessels. (IHO Dictionary, S-32, 5th Edition, 5576)"		"MFF"	"RECTRC"	"Geospatial"
110	"Recommended Traffic Lane Part"	"An optional part of an IMO-adopted routing measure.... Several Hydrographic Offices, in consultation with their Ministries of Transport, have added recommended directions in areas such as the outer approaches to major ports in order to show the best routes for crossing traffic or to minimize head-on encounters.(...) (IHO Chart Specifications, M-4)"		"MFF"	"RCTLPT"	"Geospatial"
111	"Rescue station"	"A place at which life saving equipment is held. (IHO Chart  Specifications, M-4)"		"MFF"	"RSCSTA"	"Geospatial"
112	"Restricted Area"	"A specified area designated by an appropriate authority within which navigation is restricted in accordance with certain specified conditions. (adapted from IHO Dictionary, S-32, 5th Edition, 4366)"		"RAL"	"RESARE"	"Geospatial"
113	"Retro-reflector"	"A means of distinguishing unlighted marks at night. Retro-reflective material is secured to the mark in a particular pattern to reflect back light. (Adapted from the UKHO NP735, 5th Edition)."		"MFF"	"RETRFL"	"Geospatial"
114	"River"	"A relatively large natural stream of water IHO Dictionary, S-32, 5th Edition, 4405)"		"ESB"	"RIVERS"	"Geospatial"
115	"River Bank"	"The limit line between the water area of a river and the area of land. (S-57 Annex A, Appendix A, IHO Object Catalogue)"		"ESB"	"RIVBNK"	"Geospatial"
116	"Road"	"A road is an open way for the passage of vehicles (United States Geological Survey, Jan.89)"		"ESB"	"ROADWY"	"Geospatial"
117	"Runway"	"A defined rectangular area, on a land aerodrome, prepared for the landing and take-off run of aircraft along its length. (IHO Dictionary, S-32, 5th Edition, 4465). A site on which helicopters may land and take off. (IHO Dictionary, S-32, 5th Edition, 2232)"		"MFF"	"RUNWAY"	"Geospatial"
119	"Sea Area"	"A geographically defined part of the sea or other navigable waters.  It may be specified within its limits by its proper name (S-57 Annex A, Appendix A, IHO Object Catalogue)"		"ESB CLB MFF"	"SEAARE"	"Geospatial"
120	"Sea-plane Landing Area"	"A designated portion of water for the landing and take-off of sea-planes."		"RAL"	"SPLARE"	"Geospatial"
122	"Shoreline Construction"	"A fixed (not afloat) artificial structure between the water and the land. (S-57 Annex A, Appendix A, IHO Object Catalogue)"		"ESB"	"SLCONS"	"Geospatial"
123	"Signal Station, Traffic"	"A signal station is a place on shore from which signals are made to ships at sea. (IHO Dictionary, S-32, 5th Edition, 4742). Traffic signal stations regulate the movement of traffic. (IHO Chart Specifications, M-4)"		"MFF"	"SISTAT"	"Geospatial"
124	"Signal station, warning"	"A signal station is a place on shore from which signals are made to ships at sea. (IHO Dictionary, S-32, 5th Edition, 4742)"		"MFF"	"SISTAW"	"Geospatial"
125	"Silo / tank"	"An enclosed container, used for storage."		"MFF"	"SILTNK"	"Geospatial"
126	"Slope Topline"	"The upper marking of a slope, e.g. the ridge line or the separation line between two different gradients."		"ESB"	"SLOTOP"	"Geospatial"
127	"Sloping Ground"	"An inclined surface (adapted from IHO Dictionary, S-32, 5th Edition, 4776)."		"ESB"	"SLOGRD"	"Geospatial"
128	"Small craft facility"	"A place at which a service generally of interest to small craft or pleasure boats is available."		"MFF"	"SMCFAC"	"Geospatial"
129	"Sounding"	"Measured or charted depth of water, or the measurement of such a depth (IHO SP-32 Ed5: 4836)"	"In S-57 encoding, the sounding value is stored as the Z value in the SG3D Field Structure."	"CLB"	"SOUNDG"	"Geospatial"
130	"Spring"	"A natural issue of water or other substances from the earth. (IHO Dictionary, S-32, 5th Edition, 4939)"		"MFF"	"SPRING"	"Geospatial"
131	"Square"	"An open area within a built-up area surrounded by roads. (S-57 Appendix A)."		"MFF"	"SQUARE"	"Geospatial"
132	"Territorial Sea Baseline"	"The line from which the outer limits of the territorial sea and certain other outer limits are measured (IHO Dictionary, S-32, 5th Edition, 390) (For legal definition see UNCLOS Article 5,6,7,9,10 & 47)"		"RAL"	"STSLNE"	"Geospatial"
133	"Submarine Transit Lane"	"Lanes for use by submarines making dived transits or requiring to dive on passage (AHP6)"		"RAL"	"SUBTLN"	"Geospatial"
134	"Swept Area"	"An area that has been determined to be clear of navigational dangers to a specified depth (adapted from IHO Dictionary, S-32, 5th Edition, 5248)."		"MFF"	"SWPARE"	"Geospatial"
135	"Territorial Sea Area"	"The territorial sea is a belt of water of a defined breadth but not exceeding 12 nautical miles measured seaward from the territorial sea baseline. (IHO Dictionary, S-32, 5th Edition, 5360) (For legal definition see UNCLOS Article 2-4)"		"RAL"	"TESARE"	"Geospatial"
136	"Tidal stream -harmonic prediction"	"Predicted tidal stream rates may be calculated using parameters (harmonic constituents) and an appropriate harmonic calculation algorithm."		"MFF"	"TS_PRH"	"Geospatial"
137	"Tidal stream - non-harmonic prediction"	"Predicted tidal stream rates may be calculated using time and height differences with respect to a reference station (and associated tidal stream predictions)."		"MFF"	"TS_PNH"	"Geospatial"
138	"Tidal stream panel data"	"Approximate tidal stream rates may be given as discrete rate values at a specified interval before or after a high water."		"MFF"	"TS_PAD"	"Geospatial"
139	"Tidal stream - time series"	"Tidal stream rates over time may be approximated by a series of rate values given at regular time intervals, starting from a specified moment in time."		"MFF"	"TS_TIS"	"Geospatial"
140	"Tide -harmonic prediction"	"Predicted tidal heights may be calculated using parameters (harmonic constituents) and an appropriate harmonic calculation algorithm."		"MFF"	"T_HMON"	"Geospatial"
141	"Tide - non-harmonic prediction"	"Predicted tidal heights may be calculated using time and height differences with respect to a reference port (and associated tidal predictions)."		"MFF"	"T_NHMN"	"Geospatial"
142	"Tide - time series"	"Tidal heights over time may be approximated by a series of rate values given at regular time intervals, starting from a specified moment in time."		"MFF"	"T_TIMS"	"Geospatial"
143	"Tideway"	"A natural water course in intertidal areas where water flows during the ebb or flow. A channel through which a tidal current runs. (IHO Dictionary, S-32, 5th Edition, 5502)"		"ESB"	"TIDEWY"	"Geospatial"
144	"Topmark"	"A characteristic shape secured at the top of a buoy or beacon to aid in its identification. (IHO Dictionary, S-32, 5th Edition, 5548)"		"MFF"	"TOPMAR"	"Geospatial"
145	"Traffic separation line"	"A traffic separation scheme is a scheme which aims to reduce the risk of collision in congested and/or converging areas by separating traffic moving in opposite, or nearly opposite, directions. (IHO Dictionary,  S-32, 5th Edition, 5585) A traffic separation line is a line separating traffic lanes in which ships are travelling in opposite or nearly opposite directions; or separating traffic lanes designated for particular classes of ships proceeding in the same direction (IMO Ships Routeing, 6th Edition)"		"MFF"	"TSELNE"	"Geospatial"
146	"Traffic separation scheme boundary"	"A traffic separation scheme is a scheme which aims to reduce the risk of collision in congested and/or converging areas by separating traffic moving in opposite, or nearly opposite, directions. (IHO Dictionary,  S-32, 5th Edition, 5585)  The boundary of a traffic separation scheme is the outer limit of a traffic lane part or a traffic separation scheme roundabout.(AML)"		"MFF"	"TSSBND"	"Geospatial"
147	"Traffic separation scheme crossing"	"A traffic separation scheme is a scheme which aims to reduce the risk of collision in congested and/or converging areas by separating traffic moving in opposite, or nearly opposite, directions. (IHO Dictionary,  S-32, 5th Edition, 5585)  A traffic separation scheme crossing is a defined area where traffic lanes cross.(AML)"		"MFF"	"TSSCRS"	"Geospatial"
148	"Traffic separation scheme lane part"	"A traffic separation scheme is a scheme which aims to reduce the risk of collision in congested and/or converging areas by separating traffic moving in opposite, or nearly opposite, directions. (IHO Dictionary,  S-32, 5th Edition, 5585)  A traffic lane is an area within defined limits in which one-way traffic flow is established (IMO Ships Routeing, 6th Edition). A traffic separation scheme lane part is an area of a traffic lane in which the direction of flow of traffic is uniform. (AML)"		"MFF"	"TSSLPT"	"Geospatial"
149	"Traffic separation scheme roundabout"	"A traffic separation scheme is a scheme which aims to reduce the risk of collision in congested and/or converging areas by separating traffic moving in opposite, or nearly opposite, directions. (IHO Dictionary,  S-32, 5th Edition, 5585)  A roundabout is a traffic separation scheme in which traffic moves in a counter-clockwise direction around a specified point or zone. (IHO Dictionary S-32, 5th Edition, 4448)"		"MFF"	"TSSRON"	"Geospatial"
150	"Traffic separation zone"	"A traffic separation scheme is a scheme which aims to reduce the risk of collision in congested and/or converging areas by separating traffic moving in opposite, or nearly opposite, directions. (IHO Dictionary,  S-32, 5th Edition, 5585)  A traffic separation zone is a zone separating the lanes in which ships are proceeding in opposite or nearly opposite directions; or separating traffic lanes designated for particular classes of ships proceeding in the same direction. (IMO Ships Routeing, 6th Edition)"		"MFF"	"TSEZNE"	"Geospatial"
151	"Tunnel"	"A passage that is open to the atmosphere at both ends, buried under the sea bed or laid over the sea floor or bored under the ground or through mountains.  (S-57 Appendix A)"		"MFF"	"TUNNEL"	"Geospatial"
152	"Two-way Route Part"	"A two-way route is a route within defined limits inside which two-way traffic is established, aimed at providing safe passage of ships through waters where navigation is difficult or dangerous. (IHO Dictionary, S-32, 5th Edition, 5712). A two-way route part is an area of a two-way route within which traffic flow is generally along one bearing (and possibly its reciprocal)."		"MFF"	"TWRTPT"	"Geospatial"
153	"Underwater / Awash Rock"	"A concentrated mass of stony material or coral which dries, is awash or is below the water surface. (S-57 Annex A, Appendix A, IHO Object Catalogue)"		"LBO"	"UWTROC"	"Geospatial"
154	"Unsurveyed area"	"An area for which no bathymetric survey information is available."		"MFF"	"UNSARE"	"Geospatial"
155	"Vegetation"	"Collections of, or individual plants. (S-57 Appendix A)"		"MFF"	"VEGATN"	"Geospatial"
157	"Waterfall"	"A sudden descent of water over a step in the bed of a river. In place names commonly shortened to fall or falls, e.g. Niagara Falls. (S-57 Appendix A)"		"MFF"	"WATFAL"	"Geospatial"
158	"Weed/Kelp"	"Seaweed is the general name for marine plants of the Algae class which grow in long narrow ribbons. (International Maritime Dictionary, 2nd Ed) Kelp is one of an order (laminariales) of usually large, blade-shaped or vine-like brown algae. (IHO Dictionary, S-32, 5th Edition, 2611)"		"ESB"	"WEDKLP"	"Geospatial"
159	"Wreck"	"The ruined remains of a stranded or sunken vessel which has been rendered useless. (IHO Dictionary, S-32, 5th Edition, 6027.)"		"LBO"	"WRECKS"	"Geospatial"
160	"Tidal stream - flood/ebb"	"Tide - the periodic rise and fall of the surface of the sea, due principally to the gravitational interaction between moon, sun and earth. (Adapted from IHO Dictionary, S-32, 5th Edition, 5429). A tidal stream (or tidal current) is an alternating horizontal movement of water associated with the rise and fall of the tide caused by tide-producing forces. (IHO Dictionary, S-32, 5th Edition, 1169). Approximate tidal stream rates may be given as discrete rate values for flood and ebb flow during springs.(AML)"		"MFF"	"TS_FEB"	"Geospatial"
161	"Archipelagic Sea Lane"	"An archipelagic State may designate sea lanes ..., suitable for the continuous and expeditious passage of foreign ships ... through ... its archipelagic waters and the adjacent territorial sea. ... All ships ... enjoy the right of archipelagic sea lanes passage in such sea lanes ... [which] include all normal passage routes used as routes for international navigation ... through archipelagic waters. (Article 53 of the United Nations Convention on the Law of the Sea (UNCLOS)). (Note: references to aircraft and air routes in UNCLOS have been omitted in these extracts from Article 53). (IHO M-4 B-435.10, S-51 Appendix 2 Part II)"		"RAL"	"ARCSLN"	"Geospatial"
162	"Archipelagic Sea Lane Axis"	"The reference line used to determine the maximum extents of an Archipelagic Sea Lane. It may not indicate the deepest water nor any recommended route or track. (S-57 Supplement No 1 (Edition 3.1.1))"		"RAL"	"ASLXIS"	"Geospatial"
300	"Accuracy of Data"	"An area within which the best estimate of the overall accuracy of the data is uniform. The overall accuracy takes into account for example the source accuracy, chart scale, digitising accuracy etc. Encoded as generic attributes. Refer to the following attributes: Absolute Horizontal Accuracy, Error Ellipse, Absolute Vertical Accuracy, Relative Horizontal Accuracy or Relative Vertical Accuracy"	"Used for non-bathymetric data only"	"CLB ESB LBO MFF RAL SBO"	"M_ACCY"	"Meta"
301	"Data Source Area; Source Information"	"A geographical area that describes the spatial extent of a data source. (AML) Encoded as generic attributes.  Refer to the following attributes: Source Date Source Country Source Agency Source ID Source Type Source Scale"		"CLB ESB LBO MFF RAL SBO"	"M_CSCL"	"Meta"
302	"Data Coverage"	"A geographical area that describes the coverage and extent of spatial objects"		"CLB ESB LBO MFF RAL SBO"	"M_COVR"	"Meta"
305	"External Reference Information"	"Encoded as generic attributes. Refer to the following attributes: Image File Link Reference to a Publication Text File Reference Text File Reference (in national language characters)"		"CLB ESB LBO MFF RAL SBO"	"M_NPUB"	"Meta"
306	"Navigational system of marks"	"An area within which a specific system of navigational marks applies and/or a common direction of buoyage."		"MFF"	"M_NSYS"	"Meta"
307	"Production Information"	"Encoded as generic attributes. Refer to the following attributes: Production Agency Producing Country Capture Date Copyright"		"CLB ESB LBO MFF RAL SBO"	"M_PROD"	"Meta"
308	"Survey Reliability"	"An area within which a uniform assessment of the quality of the data exists. Encoded as generic attributes. Refer to the following attribute: Absolute Horizontal Accuracy Sounding Accuracy"	"Used for bathymetric data only"	"CLB LBO MFF RAL"	"M_QUAL"	"Meta"
309	"Geo-Reference Information"	"Encoded as specific attribute. Refer to the following attribute: Sounding Datum"		"CLB ESB LBO MFF RAL SBO"	"M_SDAT"	"Meta"
310	"Data Quality Information"	"An area within which the reliability of source survey information is assessed to be uniform (AML) Encoded as generic or specific attributes. Refer to the following attribute: Quality of Position Quality of Sounding Measurement Technique of Sounding Measurement"		"CLB ESB LBO MFF RAL SBO"	"M_SREL"	"Meta"
311	"Geo-Reference Information"	"Encoded as specific attributes. Refer to the following attributes: Depth Units Height Units - Length/Width Units"		"CLB ESB LBO MFF RAL SBO"	"M_UNIT"	"Meta"
312	"Geo-Reference Information"	"Encoded as specific attribute. Refer to the following attribute: Vertical Datum"		"ESB LBO MFF RAL"	"M_VDAT"	"Meta"
400	"Beach; Controlled Airspace Composite; Deep water route composite; Marine Management Area Composite; Military Practice Area Composite; Patrol Area Composite; Q-Route; Traffic separation scheme composite"	"Composite feature comprising all of the beach information objects for a specific beach, one or more areas of Controlled Airspace, all the components of a Deep Water Route,  one or more Marine Management Areas, one or more Military Practice Areas, one or more Patrol Areas, a Q Route which is a predesignated route between 2 or more positions which have been chosen after the consideration of the geography and the MCM environment or the components of a Traffic Separation Scheme."		"ESB RAL MFF"	"C_AGGR"	"Collection"
624	"Production Installation"	"An installation for the exploitation of natural resources. (S-57 Appendix A)"		"ESB,MFF"	"PRDINS"	"Geospatial"
20484	"ATS Route Centreline"	"An Air Traffic Service (ATS) Route identified by two electronic NAVAIDS at the extremities and/or Waypoint/ Reporting /Calling-in Points (Modified FACC - ATS Route Segment/Leg - GA010)"		"RAL"	"atsctl"	"Geospatial"
20485	"Airspace Restriction"	"The airspace above a designated land or water area through which flight is prohibited or restricted (Airspace Reservation - UK MIL AIP GEN-2-2-9)"		"RAL"	"airres"	"Geospatial"
20486	"Area of Imagery Coverage"	"Area covered by photographic or satellite imagery (AML)"		"ESB"	"imgare"	"Geospatial"
20487	"Beach Exit"	"Point from which exit can be made from the beach. (AML)"		"ESB"	"bchext"	"Geospatial"
20488	"Beach Profile"	"A representation of the three dimensional relief of the bottom along a line or series of connected lines. (Adapted from Digital Geographic Information Standard - DIGEST)"		"ESB"	"bchprf"	"Geospatial"
20489	"Beach Survey"	"Area of shoreline for which a beach survey record exists. (AML)"		"ESB"	"bchare"	"Geospatial"
20491	"Bottom Feature"	"A significant configuration of underwater topography (Adapted from Digital Geographic Information Standard - DIGEST)"		"ESB"	"botmft"	"Geospatial"
20494	"Contact History"	"Details of a previous occasion when a contact was found. (AML)"		"SBO"	"histob"	"Geospatial"
20495	"Controlled airspace"	"Designated airspace within which some or all aircraft may be subjected to air traffic control (FACC: Airspace - GA005)"		"RAL"	"ctlasp"	"Geospatial"
20496	"Diving Location"	"Location where civilian diving activities take place. (AML)"		"ESB"	"divloc"	"Geospatial"
20498	"Drop Zone"	"Area designated for landing personnel and/or equipment by parachute (AML)"		"ESB"	"drpzne"	"Geospatial"
20499	"Environmentally Sensitive Area"	"An area where flora, fauna and physical features are protected (AML)"		"ESB"	"envare"	"Geospatial"
20501	"Impact Scour"	"A scour, being a clearing away of mud or other seabed deposits by the action of an object impacting and / or traversing along the seabed before settling. (AML)"		"LBO"	"iscour"	"Geospatial"
20502	"Landing Area"	"The general area used for landing troops and stores either by aerial delivery or air landing. This area includes one or more landing/drop zones or landing strips. (AML)"		"ESB"	"lngare"	"Geospatial"
20503	"Landing Place"	"Point on the beach where the landing of troops and vehicles can take place. (AML)"		"ESB"	"lndplc"	"Geospatial"
20504	"Landing Point"	"A point within a landing site where one helicopter can land. (AML)"		"ESB"	"lndpnt"	"Geospatial"
20505	"Landing Site"	"A site within a landing zone containing one or more landing points. (AML)"		"ESB"	"lndste"	"Geospatial"
20506	"Landing Strip"	"Area designated for operating fixed wing aircraft. (AML)"		"ESB"	"lndstp"	"Geospatial"
20507	"Landing Zone"	"A specified zone within an objective area used for landing aircraft.  This includes a number of landing sites. (AML)"		"ESB"	"lndzne"	"Geospatial"
20508	"Marine management area"	"An area which is managed and/or monitored by a controlling authority to protect the marine environment and ensure restrictions applicable to that area, or marine activities carried out within the area conform to current legislation/regulations (AML)."		"RAL"	"marman"	"Geospatial"
20509	"Maritime Safety Information area"	"An area or region providing details of some form of maritime safety information. (AML)"		"RAL"	"msiare"	"Geospatial"
20510	"MCM Area"	"Area where MCM operations have taken place. (AML)"		"ESB"	"mcmare"	"Geospatial"
20511	"Military exercise airspace"	"Airspace of defined dimension identified by area on Earth's surface where activities must be confined because of their nature and/or where limitations may be imposed on aircraft (FACC - Special Use Airspace GA015)"		"RAL"	"mexasp"	"Geospatial"
20513	"Patrol area"	"A defined area on land or over water which is patrolled by a controlling or regulatory authority (AML)"		"RAL"	"patare"	"Geospatial"
20514	"Q-Route Leg"	"A pre-planned dormant channel and/or route, surveyed for mine-like contacts during peacetime that can be 'activated' to provide shipping with safe navigable routes (AML)."		"RAL"	"qroute"	"Geospatial"
20515	"Radio broadcast area"	"The area in which a radio transmission from a radio station is likely to be received. (AML)"		"RAL"	"rdoare"	"Geospatial"
20517	"Geological Layer"	"A homogenous area of rock or sediment. (AML)"		"ESB"	"sedlay"	"Geospatial"
20518	"Seismic Activity Area"	"Area where earthquake activity has taken place. (AML)"		"ESB"	"seiare"	"Geospatial"
20519	"Sensor Anomaly"	"An object on the sea floor which has been detected by means of acoustic and / or magnetic sensors, but for which any other means of identification or classification cannot be made. (More commonly known as a non-sub contact.) (AML)"		"LBO"	"senanm"	"Geospatial"
20520	"Shelter Location"	"Place for casualties or personnel for evacuation (AML)"		"ESB"	"shlloc"	"Geospatial"
20522	"Trafficability Area"	"Area within which the usage of vehicles has been defined. (AML)"		"ESB"	"trfare"	"Geospatial"
20524	"Turning point"	"Any point of junction of two legs. Also known as a traverse point (AML)"		"RAL"	"turnpt"	"Geospatial"
20525	"Viewpoint"	"Position from which an image has been obtained. (AML)"		"ESB SBO"	"viewpt"	"Geospatial"
20526	"Bottom Tactical Data Area"	"Area of defined bottom tactical data.  (AML)"		"ESB"	"btdare"	"Geospatial"
20527	"Burial Probability Area"	"Area of defined burial probability (AML)"		"ESB"	"bprare"	"Geospatial"
20528	"Leisure Activity Area"	"Area where civilian leisure activities take place (AML)"		"ESB"	"lsrare"	"Geospatial"
20529	"Performance Data Area"	"Area of defined performance data. (AML)"		"ESB"	"pfdare"	"Geospatial"
20530	"Resource Location"	"Location where resources are available (AML)"		"ESB"	"resloc"	"Geospatial"
20531	"Risk Data Area"	"Area within which risk data has been defined. (AML)"		"ESB"	"rkdare"	"Geospatial"
20532	"Navigation system (NAVAID)"	"Any visual or electronic device which provides point-to-point guidance information or position data (FACC - NAVAIDS (Aeronautical) GA035)."		"RAL"	"navaid"	"Geospatial"
20533	"Internal Waters Area"	"Waters on the landward side of the baseline of the territorial sea and landlocked waters within the State (IHO Dictionary, S-32, 5th Edition, 2484) (For legal definition see UNCLOS Article 8)"		"RAL"	"intwtr"	"Geospatial"
20544	"Traffic route"	"A commonly used route by commercial shipping which is not a Traffic Separation Scheme or Deep Water Route. (AML)"		"RAL"	"tfcrte"	"Geospatial"
20717	"User Defined"	"A feature not otherwise permissable within the AML content model"		"CLB SBO LBO ESB RAL MFF"	"u_defd"	"Geospatial"
20718	"Small Bottom Object"	"Underwater feature appearing mine-like on a sonar image (AML)"		"SBO"	"smalbo"	"Geospatial"
21484	"Completeness for the product specification"	"An indication of how complete the data-set is, with reference to the full range of meta data, features and attributes included in the product specification.(AML)"		"CLB ESB LBO MFF RAL SBO"	"m_conf"	"Meta"
21485	"Security Classification Information"	"Encoded as generic attributes. Refer to the following attributes: IDO Status Protective Marking Owner Authority Caveat"		"CLB ESB LBO MFF RAL SBO"	"m_clas"	"Meta"
21486	"Vertical Datum Shift Area"	"An area within which a uniform shift exists between a specific vertical datum and the datum of the data within this area"		"ESB"	"m_vers"	"Meta"
21487	"Defined Straight Lines"	"Identifies the geometry applicable to a defined line or lines that are interpolated between two defined points. (AML)"		"RAL"	"m_line"	"Meta"
21488	"Scour"	"Marks on the sea bed produced by an object dragging along the bottom."		"ESB"	"scours"	"Geospatial"
21489	"Diver Report Location"	"Place at which a diver has made physical observations of the marine environment."		"ESB"	"divrpt"	"Geospatial"
30300	"Sea Ice"	"An area at sea that is covered, in whole or in part, with ice. (ECDIS Ice Objects Version 4.1)"		"ESB"	"SEAICE"	"Geospatial"
30301	"Lake Ice"	"An area on a lake that is covered, in whole or in part, with ice. (ECDIS Ice Objects Version 4.1)"		"ESB"	"LACICE"	"Geospatial"
30302	"Iceberg Area"	"An area at sea in which icebergs, bergy bits, or growlers are present. (ECDIS Ice Objects Version 4.1)"		"ESB"	"BRGARE"	"Geospatial"
30303	"Ice Edge"	"The demarcation at any given time between the open sea and sea ice of any kind and in any concentration, whether fast or drifting. (ECDIS Ice Objects Version 4.1)"		"ESB"	"ICELNE"	"Geospatial"
30304	"Iceberg Limit"	"Limit of all known Icebergs. (ECDIS Ice Objects Version 4.1)"		"ESB"	"BRGLNE"	"Geospatial"
30305	"Limit of Open Water"	"The demarcation at any given time between sea ice and freely navigable water, in which sea ice is present in concentrations less than 1/10. (ECDIS Ice Objects Version 4.1)"		"ESB"	"OPNLNE"	"Geospatial"
30306	"Limit of All Known Ice"	"The limit of all know ice, including both sea ice of any kind and icebergs. (ECDIS Ice Objects Version 4.1)"		"ESB"	"LKILNE"	"Geospatial"
30307	"Ice Compacting"	"Pieces of ice are said to be compacting when they are subjected to a converging motion, which increases ice concentration and/or produces stresses which may result in ice deformation. (ECDIS Ice Objects Version 4.1)"		"ESB"	"ICECOM"	"Geospatial"
30308	"Ice Lead"	"Fracture(s) or passage-way(s) through ice which is (are) navigable by surface vessels. (ECDIS Ice Objects Version 4.1)"		"ESB"	"ICELEA"	"Geospatial"
30309	"Iceberg"	"A massive piece of ice, greatly varying in shape and showing more than 5 meters above the sea surface which has broken away from a glacier, and which may be afloat or grounded. This Object Class also includes smaller forms of glacial ice, known as ‚ÄúBergy Bits‚Äù and ‚ÄúGrowlers‚Äù, which are defined by their size Attribute. (ECDIS Ice Objects Version 4.1)"		"ESB"	"ICEBRG"	"Geospatial"
30310	"Floeberg"	"A massive piece of sea ice composed of a hummock or a group of hummocks, frozen together and separated from any ice surroundings. They typically protrude up to 5 meters above the sea surface. (ECDIS Ice Objects Version 4.1)"		"ESB"	"FLOBRG"	"Geospatial"
30311	"Ice Thickness"	"A measure or estimate of ice thickness. (ECDIS Ice Objects Version 4.1)"		"ESB"	"ICETHK"	"Geospatial"
30312	"Ice Shear"	"An area of drift ice is subject to shear when the ice motion varies significantly in the direction normal to the motion, subjecting the ice to rotational forces. (ECDIS Ice Objects Version 4.1)"		"ESB"	"ICESHR"	"Geospatial"
30313	"Ice Divergence"	"Ice fields or floes in an area are subject to diverging or dispersive motion, thus reducing ice concentration and/or relieving stresses in the ice. (ECDIS Ice Objects Version 4.1)"		"ESB"	"ICEDIV"	"Geospatial"
30314	"Ice Ridge/Hummock"	"An Ice Ridge is a line or wall of broken ice forced up by pressure. A Hummock is a hillock of broken ice which has been forced upward by pressure. (ECDIS Ice Objects Version 4.1)"		"ESB"	"ICERDG"	"Geospatial"
30315	"Ice Keel/Bummock"	"From a submariners point of view, a Keel is a downward projecting ridge on the underside of the ice canopy - the counterpart of a Ridge. A Bummock is the counterpart of a hummock on the underside of the ice canopy. (ECDIS Ice Objects Version 4.1)"		"ESB"	"ICEKEL"	"Geospatial"
30316	"Ice Drift"	"Motion of an ice field or floe as a result of forces such as wind and currents. (ECDIS Ice Objects Version 4.1)"		"ESB"	"ICEDFT"	"Geospatial"
30317	"Ice Fracture"	"Any break or rupture through the ice pack, or a single floe, resulting from deformation processes. Length may vary from a few meters to many kilometers. (ECDIS Ice Objects Version 4.1)"		"ESB"	"ICEFRA"	"Geospatial"
30318	"Ice Rafting"	"Pressure processes whereby one piece of ice overrides another. (ECDIS Ice Objects Version 4.1)"		"ESB"	"ICERFT"	"Geospatial"
30319	"Jammed Brash Barrier"	"A strip or narrow belt of new, young or brash ice (usually 100-500 meters wide) formed at the edge of either drift or fast ice. (ECDIS Ice Objects Version 4.1)"		"ESB"	"JMDBRR"	"Geospatial"
30320	"Stage of Melt"	"A description of the stage of melt of the ice; i.e. whether it has formed puddles on the surface and whether these have frozen. (ECDIS Ice Objects Version 4.1)"		"ESB"	"STGMLT"	"Geospatial"
30321	"Snow Cover"	"A description of the amount of snow covering the ice. (ECDIS Ice Objects Version 4.1)"		"ESB"	"SNWCVR"	"Geospatial"
30322	"Strips and Patches"	"A strip is a long narrow area of floating ice, about 1 kilometer or less in width, usually composed of small fragments detached from the main mass of ice, and run together under the influence of wind, swell or current. If the area of ice becomes more rounded in shape, it is referred to as a patch. (ECDIS Ice Objects Version 4.1)"		"ESB"	"STRPTC"	"Geospatial"
40101	"General Boundary Line"	"Boundary lines and areas over land or sea. (AML)"		"RAL"	"boundg"	"Geospatial"
40104	"Ferry Site"	"A point where a ferry takes on or discharges its load. (DFDD - AQ080)"		"MFF"	"ferrys"	"Geospatial"
40105	"Geophysical Prospection Grid"	"A grid established for the collection of geophysical data within an area. (DFDD- FA090)"		"RAL"	"geophg"	"Geospatial"
40106	"Inland Shoreline"	"The land-water boundary for all inland hydrographic features having shorelines. (DFDD - BH210)"		"ESB"	"inlsho"	"Geospatial"
40115	"Shed / Hut"	"Shed: A small building, generally of light construction, that usually has one or more open sides. (DFDD AL019). Hut: A small, simple, or crude house or shelter. (DFDD AL100)."		"ESB"	"shedht"	"Geospatial"
40117	"Treatment Area"	"Buildings and/or facilities, where water is processed through chemical, physical, biological or thermal procedures or a combination of those procedures. (AML)"		"ESB"	"treata"	"Geospatial"
40118	"Water Objects"	"A collection of features with a relation to water. (AML)"		"ESB"	"watero"	"Geospatial"
40119	"Built-up Area Text"	"A geo-feature carrying the name of a built-up area to allow the separation of the display of the natural extent of a build-up area and it's name to avoid clutter. (AML)"		"ESB"	"txtbua"	"Geospatial"
40121	"Apron / Hardstand"	"A defined area at an aerodrome or heliport intended for aircraft parking. (DFDD - GB015)"		"ESB"	"aprhst"	"Geospatial"
40122	"Research Facility"	"A facility or building that supports research and/or observation activities or functions."		"ESB"	"resfac"	"Geospatial"
40123	"Transport facility"	"Facility for transporting or trans-shipment of goods (AML)"		"ESB"	"trpfac"	"Geospatial"
40124	"Water Treatment Site"	"Operational site with buildings and other facilities, where water is processed through chemical, physical, biological or thermal procedures or a combination of those procedures. Associated buildings are defined within the geo-feature Treatment Area. (AML)"		"ESB"	"watste"	"Geospatial"
40125	"Waste Disposal/Treatment Site"	"An area where waste is dumped/deposited and/or an operational site with buildings and other facilities, where waste is processed through chemical, physical, biological or thermal procedures or a combination of those procedures. (AML)"		"ESB"	"wstdsp"	"Geospatial"
40126	"Air Waypoint"	"A predetermined geographical position, used for route or instrument approach definition or progress reporting purposes, that is defined relative to a known position. Also known as point or series of points in space to which an aircraft may be vectored."		"RAL"	"awaypt"	"Geospatial"
